title,body,post_id,score,upvote_ratio,flair,created_time,num_comments,author_id,url,distinguished,is_original_content,over_18
'They don't deserve this': Netizens appalled by photos showing migrant worker working in sewer pipe,NULL,wml6ys,0,0.44,News,2022-08-12 21:23:28+08:00,3,bbse2o7b,http://www.asiaone.com/singapore/they-dont-deserve-netizens-appalled-photos-showing-migrant-worker-working-sewer-pipe,,False,False
"'This is for you, Singapura': Filipino maid runs 57km to celebrate National Day",NULL,wml4g3,4,0.75,News,2022-08-12 21:20:08+08:00,3,bbse2o7b,http://www.asiaone.com/singapore/you-singapura-filipino-maid-runs-57km-celebrate-national-day,,False,False
Last-minute Reservist Deferment?,"Hi all,

I'm a PES-C NS man slated for my first reservist cycle with SCDF **next week** (PSC ICT whatever that means).

Having a bit of a headache because I'm meant to go for a surgery next month and have a one-month pre-op diet where I am only allowed to consume 800 kcal per day through meal replacement shakes.

The doctors have recommended that I don't go for my reservist training as I'll be very weak and have to monitor my blood sugar, etc. I have a **hospital note** with me asking for deferment of my reservice.

The problem is I've only been able to secure the note **this week** due to some complications with my surgery date (it had to get postponed, I was bouncing between clinics trying to get an earlier surgery date). I've been informed today that there isn't enough time to get my deferment processed and will need to contact my NS commander. And due to my presumptiveness, I didn't tell my employer about my reservist cycle because I thought it would be deferred ‚Äî mistake on my part was underestimating how much long it would take to get a deferment.

Not sure if it's my cynicism from NS (I had very bad commanders) or paranoia, but I have some doubts as to whether I can get my reservist postponed by calling up my unit office and submitting the hospital note.

It seems unlikely to me that I'll be forced to go for training (albeit this is a PES-C program) when  
a government hospital has written a note requesting for me not to go. BUT I have a healthy fear of things not making sense in national service-related bureaucracy.

Guess I'm trying to assuage my concerns by asking if anyone knows what this last-minute process is like?

My worst-case scenario is I'll have to attend the training without much of the proper attire or equipment (the op is to help me lose weight so I didn't buy any new uniforms), screw my workplace team over. Best case scenario is I can defer the training to a few months later.",wmjyj5,0,0.43,Serious Discussion,2022-08-12 20:23:05+08:00,9,85agrvzv,https://www.reddit.com/r/singapore/comments/wmjyj5/lastminute_reservist_deferment/,,False,False
K-pop group Super Junior to perform in Singapore on Sep 3,NULL,wmjj2n,0,0.5,News,2022-08-12 20:00:36+08:00,0,6z4wpym0,https://cnalifestyle.channelnewsasia.com/entertainment/k-pop-group-super-junior-perform-singapore-sep-3-325811,,False,False
Singaporean man given life sentence for murdering his wife while on holiday in the UK,NULL,wmjgjj,21,0.95,News,2022-08-12 19:57:16+08:00,10,4l1qqy8i,https://www.channelnewsasia.com/singapore/fong-soong-hert-murder-wife-newscastle-life-sentence-holiday-uk-2876421,,False,False
high paying part time jobs that don't require much skill,"what are some jobs that don't require skills/qualifications but pay well? for reference, I consider $10/hour average, $8 and below on the low side, and am looking for something that pays $12 or more, the higher the better (e.g. i heard bars/ night life places pay more than the usual F&B rates?). just a uni kid looking to make some dough during sem time, all suggestions are appreciated!",wmiydp,0,0.44,Discussion,2022-08-12 19:29:51+08:00,26,f355hfl,https://www.reddit.com/r/singapore/comments/wmiydp/high_paying_part_time_jobs_that_dont_require_much/,,False,False
Shock at inflation value today.,Just realise today that a hot milo at boardway food court is 1.50 and cold one is 2.10. Was pretty sure the cold one was still 1.50/1.60 at the start of this year. How much has the drinks in your area inflated by?,wmi47w,56,0.86,Discussion,2022-08-12 18:42:07+08:00,52,2nzc38qy,https://www.reddit.com/r/singapore/comments/wmi47w/shock_at_inflation_value_today/,,False,False
Most Singaporeans feel more united than before COVID-19 pandemic; other countries see increased division: Survey,NULL,wmhzyh,22,0.69,News,2022-08-12 18:34:50+08:00,30,d998c9ok,https://www.channelnewsasia.com/singapore/covid-19-united-divided-pandemic-handling-management-vaccines-pew-2876451,,False,False
Your Say: Learn from the SAF in managing workplace accidents,NULL,wmhp91,0,0.45,Opinion / Fluff Post,2022-08-12 18:16:44+08:00,20,9h7o291,https://www.todayonline.com/voices/your-say-learn-saf-managing-workplace-accidents-1968061,,False,False
Lotte duty free shop at Changi Airport seems to cost a lot more than the old DFS?,"I was a little tired when I landed, can anybody help sanity check the fact that the Duty Free shop operated by Lotte in Changi has absolutely no good deal at all? Everything seems as expensive or more expensive than outside... the closest to a small discount I could find is Jack Daniels. So for genuine duty free shopping, I probably should buy before boarding the plane?",wmho3j,33,0.92,Discussion,2022-08-12 18:14:52+08:00,8,b7bfqco1,https://www.reddit.com/r/singapore/comments/wmho3j/lotte_duty_free_shop_at_changi_airport_seems_to/,,False,False
‚ÄòOur mistake‚Äô to flee Singapore: Couple accused of cheating in Tradenation luxury goods scam charged,NULL,wmhm16,20,0.81,News,2022-08-12 18:11:31+08:00,21,au1pv8l8,https://www.channelnewsasia.com/singapore/tradenation-luxury-goods-scam-couple-charged-court-pi-jiapeng-siriwipa-pansuk-2876126,,False,False
"Former Woodgrove Secondary School HOD loses appeal, to begin jail term for taking student funds",NULL,wmgx1k,33,0.85,News,2022-08-12 17:28:00+08:00,2,1eqdt8vc,https://www.channelnewsasia.com/singapore/woodgrove-secondary-school-hod-english-teacher-take-student-funds-2876551,,False,False
Parents‚Äô dialect groups to appear in digital birth certificates after initial exclusion: ICA,NULL,wmgfvn,12,0.71,News,2022-08-12 16:57:49+08:00,2,6z4wpym0,https://www.channelnewsasia.com/singapore/parents-dialect-groups-appear-digital-birth-certificates-after-initial-exclusion-ica-2876536,,False,False
Any Mooncake Tasting for this year's Takashimaya Mid-Autumn Festival?,"Anyone that went to the Mid-autumn festival at Takashimaya, were there any mooncake tasting? Went last year but they didn't have it due to COVID but not sure if this year is any different.",wmg3gt,4,0.59,Discussion,2022-08-12 16:35:44+08:00,4,5ogzd3m,https://www.reddit.com/r/singapore/comments/wmg3gt/any_mooncake_tasting_for_this_years_takashimaya/,,False,False
"[MV] My Katong, My Kampung",NULL,wmg00m,0,0.45,"Photos, Videos",2022-08-12 16:29:47+08:00,3,4hkwxlf2,https://youtu.be/8mOd12j5iWY,,False,False
Future expansion of the Singapore MRT 2022-2040s,NULL,wmfd8v,8,0.66,Unverified,2022-08-12 15:50:00+08:00,2,44yz7paj,https://youtu.be/UkdYGDQGYuA,,False,False
18-year-old charged with scamming users over Marquee Singapore nightclub tickets,NULL,wmes2m,23,0.74,News,2022-08-12 15:13:18+08:00,0,51r50ub5,https://www.todayonline.com/singapore/teen-scammed-telegram-marquee-tickets-1967866,,False,False
Thoughts on M1 Fibre Broadband?,"Not a knowledgeable person in this area so thought of seeking some advice here.

Was thinking of getting the 1GBPS m1 deal at 39.90/mth. It comes with free router - either TPlink Archer Ax72 / ASUS RT-AX55.

Any existing users of this router / fibre broadband from M1, would u be able to comment of its performance? 

Also, if this router isnt paritcularly strong, i was thinking of purchasing the TPlink deco mesh system to make sure there are no dead spots at home. 

If so, do you guys have any advice / better value-for-money deals out there?",wme2k5,16,0.75,Discussion,2022-08-12 14:29:39+08:00,34,94vqfu8p,https://www.reddit.com/r/singapore/comments/wme2k5/thoughts_on_m1_fibre_broadband/,,False,False
Analysis | Singapore‚Äôs Next Big Challenge Is Already Here,NULL,wmdzie,16,0.77,News,2022-08-12 14:24:22+08:00,10,o97gxzo0,https://www.washingtonpost.com/business/singapores-next-big-challenge-is-already-here/2022/08/11/b962c4ce-19cf-11ed-b998-b2ab68f58468_story.html,,False,False
"Le Le, first panda cub born in S'pore, celebrates first birthday",NULL,wmd88b,78,0.89,News,2022-08-12 13:40:08+08:00,15,6z4wpym0,https://www.straitstimes.com/singapore/environment/giant-panda-cub-born-in-singapore-celebrates-first-birthday,,False,False
Egyptian Chef & Singaporean Wife Sell Fusion Roti John & Kebab At Hawker Stall In Chomp Chomp,NULL,wmbq19,47,0.85,News,2022-08-12 12:18:26+08:00,2,am0eouxu,https://www.todayonline.com/8days/egyptian-chef-singaporean-wife-sell-fusion-roti-john-kebab-hawker-stall-chomp-chomp-1966451,,False,False
I met Jackson Wang & found out that one of his fav childhood movies is 'I Not Stupid',NULL,wmb555,0,0.43,Tabloid/Low-quality source,2022-08-12 11:48:47+08:00,16,51r50ub5,https://mothership.sg/2022/08/jackson-wang-interview/,,False,False
Always love it when Singapore gets mentioned in a big franchise,NULL,wmb0ba,797,0.96,"Photos, Videos",2022-08-12 11:42:01+08:00,36,8leubtvu,https://i.redd.it/kyptl4zle7h91.jpg,,False,False
TIL McDonald Breakfast has no beef in their breakfast menu,"I was Q~ing for breakfast in McDonald, the patron is asking for beef burger pointing to McMuffin.  
  
The manager replied there are no beef in the menu. Then I did a quick Google to find out that Sausage McMuffin is actually chicken!  
  
Mindblown!",wma0ti,59,0.74,Discussion,2022-08-12 10:54:00+08:00,63,1y6vqagg,https://www.reddit.com/r/singapore/comments/wma0ti/til_mcdonald_breakfast_has_no_beef_in_their/,,False,False
Forum: Singapore should bid to host Commonwealth Games in 2030,NULL,wm98g7,0,0.33,Opinion / Fluff Post,2022-08-12 10:16:24+08:00,29,51r50ub5,https://www.straitstimes.com/opinion/forum/forum-singapore-should-bid-to-host-commonwealth-games-in-2030,,False,False
"Ghostlore: In this made-in-Singapore video game, you get to fight hungry ghosts and pontianaks",NULL,wm8jdx,147,0.94,News,2022-08-12 09:43:39+08:00,11,6z4wpym0,https://cnalifestyle.channelnewsasia.com/living/ghostlore-singapore-video-online-game-hungry-ghost-pontianak-325486,,False,False
"Newspaper article on Jollibee‚Äôs first expansion to Singapore, 1985. Reading this personally, it‚Äôs pretty clear why the first foray failed.",NULL,wm65go,222,0.94,"Photos, Videos",2022-08-12 07:53:36+08:00,49,8uzc3ol7,https://i.redd.it/du55fouu96h91.jpg,,False,False
Seat hogging? Man punches woman in the face at MacPherson getai,NULL,wm60ov,257,0.97,News,2022-08-12 07:47:21+08:00,86,bbse2o7b,http://www.asiaone.com/singapore/seat-hogging-man-punches-woman-face-macpherson-getai,,False,False
Singtel and Gomo,"Horrible experience with them. I attempted to port over from my current starhub plan to gomo and was told that was phone number is a prepaid plan. So I contact support and was basically told that since my phone number was once a prepaid plan (that was 8 years ago), gomo's system is registrating my number as a prepaid phone number and thus, the only way to port over will be to purchase the $30 Singtel SIMOnly, and then change to Gomo. I have never encountered such issue before with other telcos when I was porting and so this seems like just some shady business practice rather than actual technical limitations. 

I need some advise on the best way forward to this, paying the full $30 just to port over temporarily is just ridiculous.

Edit: Many of you seem to be thinking that I'm porting from a prepaid number. I am currently on a starhub Postpaid number. But they said that my number has a history of being a prepaid number (that's 8 years ago before I converted to a postpaid plan) and thus I will have to go through Singtel. 
Starhub Postpaid -> Singtel Postpaid -> Gomo Postpaid",wm3z9h,0,0.29,Discussion,2022-08-12 06:17:28+08:00,9,k0h39znt,https://www.reddit.com/r/singapore/comments/wm3z9h/singtel_and_gomo/,,False,False
"/r/singapore random discussion and small questions thread for August 12, 2022","Talk about your day. Anything goes, but subreddit rules still apply. Please be polite to each other!",wm3kdi,8,0.73,,2022-08-12 06:00:11+08:00,634,6l4z3,https://www.reddit.com/r/singapore/comments/wm3kdi/rsingapore_random_discussion_and_small_questions/,,False,False
"NTUC launches year-long exercise to engage Singaporean workers, discuss their concerns",NULL,wm39e9,0,0.24,News,2022-08-12 05:47:07+08:00,9,vjhr0h9,https://www.straitstimes.com/singapore/jobs/ntuc-launches-year-long-exercise-to-engage-singaporean-workers-discuss-their-concerns,,False,False
"Billionaire Peter Lim's name, image used in online chats by impersonator; police reports filed",NULL,wlxli2,15,0.8,News,2022-08-12 01:50:12+08:00,13,6z4wpym0,https://www.straitstimes.com/singapore/courts-crime/billionaire-peter-lims-name-image-used-in-online-chats-by-impersonator-police-reports-filed,,False,False
Nightlife with Covid,Hi! I‚Äôm a student from the United States thinking about studying at NUS through an exchange program in January. Nightlife isn‚Äôt my top priority but its definitely a factor in my study abroad decision. Wondering if clubs are back to normal at all? And if not does it seem like  they will be by January? Thanks!,wlwip0,0,0.5,Discussion,2022-08-12 01:04:18+08:00,3,8gsramo9,https://www.reddit.com/r/singapore/comments/wlwip0/nightlife_with_covid/,,False,False
this is just infuriating,NULL,wlw4cv,69,0.68,"Photos, Videos",2022-08-12 00:47:50+08:00,98,5qtzxx9j,https://www.reddit.com/gallery/wlw4cv,,False,False
From a Gundam Fan: Happy National Day Singapore!,NULL,wlvg77,259,0.96,I Made This,2022-08-12 00:20:05+08:00,36,d60wiy2,https://i.redd.it/aqk3zlpv04h91.jpg,,True,False
Fascinated by Singapore‚Äôs Brutalism - Can anyone help us get a closer look?,"Hello everyone, my friend and I are in love with Singapore‚Äôs Brutalist landmarks: Golden Mile & People‚Äôs Park Complex. We are wondering if anyone on this sub lives in either of these buildings and would be willing to show us around. We are urban planning/archi students at NUS and would love to have a closer look into what life is like as a resident at these places. If you‚Äôd be willing to do this please let me know through pm. We could buy you dinner or something like that to show our appreciation. 

Also if you have any memories, stories, or thoughts of these places that you‚Äôd like to share please comment below, especially about Golden Mile Complex as it will be going under a redevelopment project in the coming year.",wltvs1,54,0.83,Discussion,2022-08-11 23:15:11+08:00,21,3v137vxa,https://www.reddit.com/r/singapore/comments/wltvs1/fascinated_by_singapores_brutalism_can_anyone/,,False,False
Man arrested for allegedly burning National Day decorations,NULL,wlt5k4,25,0.88,News,2022-08-11 22:45:13+08:00,6,6z4wpym0,https://www.channelnewsasia.com/singapore/man-arrested-allegedly-burning-national-day-decorations-2874676,,False,False
Fewer homeless people sleeping on S'pore streets last year; city area has highest number,NULL,wls5mk,24,0.87,News,2022-08-11 22:02:13+08:00,5,vjhr0h9,https://www.straitstimes.com/singapore/community/fewer-homeless-people-sleeping-on-spore-streets-last-year-city-area-has-highest-numbers,,False,False
Timelapse from Singapore Flyer,"First visit on flyer, courtesy of SG rediscover voucher ‚úåüèº",wlr20v,29,0.72,"Photos, Videos",2022-08-11 21:11:08+08:00,9,cr1sh,https://v.redd.it/3em4n49qk4h91,,False,False
"Woman calls out expat man for only dating Southeast Asian women, says they 'could do so much better'",NULL,wlqmhk,0,0.45,News,2022-08-11 20:50:38+08:00,51,8lvvfnix,https://www.asiaone.com/singapore/woman-calls-out-expat-man-only-dating-southeast-asian-women-says-they-could-do-so-much,,False,False
"Drinks outlets must label beverages high in sugar, saturated fat on their menus by end-2023",NULL,wlqip6,379,0.99,News,2022-08-11 20:45:12+08:00,94,ojuqd,https://www.straitstimes.com/singapore/health/drinks-outlets-must-label-beverages-high-in-sugar-saturated-fat-on-their-menus-by-end-2023,,False,False
Adrian Pang tapped depression to throw NDP 'birthday bash' for Singapore,NULL,wlp22x,18,0.7,News,2022-08-11 19:26:50+08:00,8,3d6rv89u,https://www.straitstimes.com/singapore/adrian-pang-tapped-his-depression-to-throw-ndp-birthday-bash-for-singapore,,False,False
Some shots from this years NDP combined rehearsals!,NULL,wlp1uj,618,0.97,"Photos, Videos",2022-08-11 19:26:26+08:00,31,1sh4i8i,https://www.reddit.com/gallery/wlp1uj,,True,False
Natasha x Azuan Tan NDP2022 crying man!,NULL,wlp0yn,0,0.16,"Photos, Videos",2022-08-11 19:24:59+08:00,3,ohw9j,https://youtu.be/O9pdRaZ5NmM,,False,False
Factchecking Jason Wong & Mohd Khair‚Äôs ‚Äú377A: Putting Children First‚Äù,NULL,wlotmh,58,0.74,Serious Discussion,2022-08-11 19:13:01+08:00,20,ujq9y,https://medium.com/@davian_aw/factchecking-jason-wong-mohd-khairs-377a-putting-children-first-baa029d2ed47?fs=e&s=cl,,False,False
The Indian selling Chinese zi char: The Blacky Seafood,NULL,wlocl1,44,0.84,News,2022-08-11 18:45:31+08:00,20,cpt8lfzq,https://youtu.be/sSbj5Cp7ipo,,False,False
McDonald's at Queensway's Japanese-themed garden reopens after makeover,NULL,wlo783,129,0.96,Tabloid/Low-quality source,2022-08-11 18:36:19+08:00,10,51r50ub5,https://mothership.sg/2022/08/mcdonalds-ridout-tea-garden-reopen/,,False,False
"Luxury goods scam: Fugitive couple arrested in Johor Bahru, brought back to Singapore",NULL,wlo3zg,623,0.98,News,2022-08-11 18:30:37+08:00,185,6z4wpym0,https://www.todayonline.com/singapore/luxury-goods-scam-couple-arrested-1967161,,False,False
Lion City Sailors and Kim Do-hoon mutually agree to part ways; Academy Technical Director Luka Lalic appointed as interim coach,NULL,wlnqdn,18,0.8,News,2022-08-11 18:07:03+08:00,10,zdn6i,https://www.lioncitysailorsfc.sg/lion-city-sailors-and-kim-do-hoon-mutually-agree-to-part-ways-academy-technical-director-luka-lalic-appointed-as-interim-coach/,,False,False
Report names dozens of Singapore firms involved in arms supply to Myanmar military | MalaysiaNow,NULL,wlnol0,106,0.92,News,2022-08-11 18:03:44+08:00,34,o97gxzo0,https://www.malaysianow.com/news/2022/08/11/report-names-dozens-of-singapore-firms-involved-in-arms-supply-to-myanmar-military,,False,False
askST Jobs: I've been working from home and feeling invisible. How can I get my boss to notice me?,NULL,wlnld2,12,0.66,News,2022-08-11 17:58:46+08:00,16,4coxyp6h,https://www.straitstimes.com/singapore/jobs/askst-jobs-ive-been-working-from-home-and-feeling-invisible-how-can-i-get-my-boss-to-notice-me,,False,False
Those made jobless during Covid-19 pandemic among new groups of homeless people: Study,NULL,wln063,91,0.93,News,2022-08-11 17:20:05+08:00,58,1ae8o0nv,https://www.straitstimes.com/singapore/community/those-made-jobless-among-new-groups-of-homeless-people-study,,False,False
Three people arrested after a fight near Paya Lebar Road,NULL,wlmx9o,12,0.8,News,2022-08-11 17:14:44+08:00,10,1eqdt8vc,https://www.channelnewsasia.com/singapore/three-people-arrested-fight-viral-video-police-2873876,,False,False
Tunku Abdul Rahman's Full Speech in Parliament When He Was Tabling the Constitution Amendment Bill to Separate Singapore from Malaysia,NULL,wlmcij,212,0.95,Politics,2022-08-11 16:37:23+08:00,48,4qyj99he,https://www.reddit.com/gallery/wlmcij,,False,False
Tax collection rises 22.4% to $60.7 billion in last financial year: Iras,NULL,wllv7d,55,0.92,News,2022-08-11 16:05:51+08:00,13,vjhr0h9,https://www.straitstimes.com/business/economy/tax-collection-rises-224-to-607-billion-last-financial-year-iras,,False,False
Has anyone managed to get a cash refund from Jetstar due to covid cancellations?,"I booked a trip to Taiwan with Jetstar 2 years back, and it was cancelled when Taiwan border closed due to covid. I was issued with vouchers despite my insistence to get cash, and now I'm engaging with them again to get my cash back instead of extending the expiry date of the vouchers.

Super tilt that I can't get my cash refund two years after my booking. I requested to talk to their supervisor, but not sure if it'll work out.

Has anyone managed to get their cash refund from Jetstar due to covid cancellations?",wlluf2,2,0.54,Discussion,2022-08-11 16:04:30+08:00,5,8moq4j5h,https://www.reddit.com/r/singapore/comments/wlluf2/has_anyone_managed_to_get_a_cash_refund_from/,,False,False
"Pump operators in Singapore cut petrol, diesel prices",NULL,wll52k,6,0.72,News,2022-08-11 15:18:26+08:00,1,d998c9ok,https://www.straitstimes.com/singapore/transport/pump-operators-except-caltex-cutpetrol-diesel-prices,,False,False
Letter: Singapore is not alone in capital punishment laws,NULL,wll2ve,40,0.74,Opinion / Fluff Post,2022-08-11 15:14:36+08:00,64,mudpnp4,https://www.ft.com/content/417d033e-a934-4b4c-ab74-904b4543e6e4,,False,False
"More pirate attacks expected in Singapore Strait this year amid Ukraine war, report says",NULL,wljg6l,122,0.93,Tabloid/Low-quality source,2022-08-11 13:33:29+08:00,37,6z4wpym0,https://www.scmp.com/week-asia/politics/article/3188471/more-pirate-attacks-expected-singapore-strait-year-amid-ukraine,,False,False
"Letter to the Editor | School canteen food prices increased, but the quality & quantity of food portions decreased - The Independent Singapore News",NULL,wlj5u4,4,0.54,Tabloid/Low-quality source,2022-08-11 13:16:45+08:00,16,1eqdt8vc,https://theindependent.sg/letter-to-the-editor-school-canteen-food-prices-increased-but-the-quality-quantity-of-food-portions-decreased/,,False,False
Man gets life imprisonment for murdering girlfriend's 9-month-old son,NULL,wlippj,149,0.94,News,2022-08-11 12:51:25+08:00,55,3d6rv89u,https://www.channelnewsasia.com/singapore/murder-9-month-old-baby-mohamed-aliff-head-injury-van-floorboard-2873556,,False,False
'We don't always get it right': Grab Singapore's managing director on meeting consumer expectations,NULL,wlgkfd,0,0.31,News,2022-08-11 10:59:40+08:00,20,9giowhev,https://www.channelnewsasia.com/singapore/grab-singapore-managing-director-yee-wee-tang-customers-expectations-2872976,,False,False
Forum: Subtitles make it possible to enjoy English films again,NULL,wlggry,0,0.5,Opinion / Fluff Post,2022-08-11 10:54:41+08:00,18,51r50ub5,https://www.straitstimes.com/opinion/forum/forum-subtitles-make-it-possible-to-enjoy-english-films-again,,False,False
Accidental fame for proud Singaporean who cried during National Anthem at NDP 2022,NULL,wlfi1o,158,0.86,News,2022-08-11 10:07:54+08:00,44,3onsmzzo,https://www.channelnewsasia.com/singapore/ndp-crying-man-national-anthem-azuan-tan-proud-singaporean-2871131,,False,False
Singapore narrows 2022 GDP growth forecast to 3-4% amid further deterioration in global economic outlook,NULL,wle7um,7,0.7,News,2022-08-11 09:07:28+08:00,4,6z4wpym0,https://www.channelnewsasia.com/singapore/singapore-gdp-3-4-growth-deterioration-global-economic-outlook-weakened-2873236,,False,False
Today I learnt: I've been sitting on the MRT seats wrong all along,NULL,wldwb1,640,0.95,Opinion / Fluff Post,2022-08-11 08:51:54+08:00,95,2zpkbkmi,https://i.redd.it/vcz4ahgbfzg91.jpg,,False,False
Sharing some shots of our military on display during #NDP2022.,NULL,wldsc6,274,0.94,"Photos, Videos",2022-08-11 08:46:46+08:00,10,oo46i,https://www.reddit.com/gallery/wldsc6,,False,False
meanwhile on the NDP Youtube Channel.,NULL,wld99p,796,0.96,"Photos, Videos",2022-08-11 08:20:57+08:00,75,2n9hfb6v,https://www.reddit.com/gallery/wld99p,,False,False
"Woman sunbathes in swimsuit at HDB block, sets tongues wagging",NULL,wlbggr,124,0.82,Opinion / Fluff Post,2022-08-11 06:57:32+08:00,130,bbse2o7b,http://www.asiaone.com/singapore/woman-sunbathes-swimsuit-hdb-block-sets-tongues-wagging,,False,False
'Please don't jump the gun': Diner regrets complaining to manager about service in restaurant,NULL,wlbewo,70,0.88,News,2022-08-11 06:55:34+08:00,16,bbse2o7b,http://www.asiaone.com/singapore/please-dont-jump-gun-diner-regrets-complaining-manager-about-service-restaurant-staff-with-autism,,False,False
"/r/singapore random discussion and small questions thread for August 11, 2022","Talk about your day. Anything goes, but subreddit rules still apply. Please be polite to each other!",wla3j1,16,0.87,,2022-08-11 06:00:12+08:00,674,6l4z3,https://www.reddit.com/r/singapore/comments/wla3j1/rsingapore_random_discussion_and_small_questions/,,False,False
Former Sri Lankan president said to be leaving S'pore for Bangkok on Aug. 11,NULL,wl90wu,3,0.56,Tabloid/Low-quality source,2022-08-11 05:14:59+08:00,2,eb9jk,https://mothership.sg/2022/08/gotabaya-rajapaksa-leaving-spore-for-bangkok/,,False,False
"Better opportunities, ease of getting residency among reasons foreign nurses leave S'pore to work abroad",NULL,wl3zbm,61,0.94,News,2022-08-11 01:53:49+08:00,25,6z4wpym0,https://www.todayonline.com/singapore/better-opportunities-residency-foreign-nurses-leave-singapore-1966436,,False,False
NDP2022 from Tanjong Rhu,NULL,wl3l19,55,0.84,"Photos, Videos",2022-08-11 01:37:42+08:00,2,4evpcwwf,https://i.redd.it/q9tvjskv9xg91.jpg,,False,False
"My landlord installed a camera in my room to check on the aircon, is that even allowed lol.",NULL,wl2elx,376,0.97,Discussion,2022-08-11 00:50:41+08:00,111,4mvdnuxe,https://i.redd.it/cm5f08kh1xg91.jpg,,False,False
Missing cat at Hougang Street 32,NULL,wl06oh,318,0.98,"Photos, Videos",2022-08-10 23:21:51+08:00,38,gh95w,https://i.redd.it/co8p8aailwg91.jpg,,False,False
[PingWest ÂìÅÁé©] Chinese article on Shopee's Decline,NULL,wkzs3d,74,0.9,News,2022-08-10 23:05:30+08:00,47,8bovn372,https://www.pingwest.com/a/268448,,False,False
Close shave for woman as three ceiling beams fall 3 floors in Far East Plaza,NULL,wkzad9,21,0.84,News,2022-08-10 22:45:28+08:00,9,51r50ub5,https://www.straitstimes.com/singapore/consumer/close-shave-for-woman-as-three-ceiling-beams-fall-3-floors-in-far-east-plaza,,False,False
Tow truck driver dies after being pinned between pillar and bus in Kranji in 32nd work-related death this year,NULL,wkz0vm,63,0.9,News,2022-08-10 22:34:30+08:00,3,6z4wpym0,https://www.straitstimes.com/singapore/tow-truck-driver-dies-after-being-pinned-between-pillar-and-bus-32nd-work-related-death-this-year,,False,False
This map I saw with a really big Singapore,NULL,wkyd5f,50,0.76,"Photos, Videos",2022-08-10 22:06:48+08:00,14,5peq6klc,https://i.redd.it/4rt03kz88wg91.jpg,,False,False
How Singapore Airlines Now Serves Fresh Fish on the World‚Äôs Longest Flight | WSJ,NULL,wkx567,15,0.71,"Photos, Videos",2022-08-10 21:13:38+08:00,9,ohw9j,https://youtu.be/HPdB7g5ODsM,,False,False
Someone created a trailer for an updated VR Man.,NULL,wkwx41,15,0.72,"Photos, Videos",2022-08-10 21:03:43+08:00,2,fgipg,https://www.youtube.com/watch?v=B-N05QURIb8,,False,False
Woman initially upset about service calls for patience for Clementi Mall Swensen's employees with autism,NULL,wkwwnr,70,0.88,Tabloid/Low-quality source,2022-08-10 21:03:07+08:00,33,3odrq0ox,https://mothership.sg/2022/08/swensens-clementi-mall-autistic-employees/,,False,False
Teen arrested over tweet that claimed explosive device was placed at NDP venue,NULL,wkwdqo,255,0.97,News,2022-08-10 20:38:41+08:00,98,g5e9szrt,https://www.straitstimes.com/singapore/teen-arrested-over-tweet-that-claimed-explosive-device-was-placed-at-ndp-venue,,False,False
A Trainspotter‚Äôs Favourite Moment from NDP 2022,NULL,wkwcab,3,0.57,Opinion / Fluff Post,2022-08-10 20:36:40+08:00,0,10g7te,https://blog.sgtrains.com/2022/08/a-trainspotters-favourite-moment-from-ndp-2022/,,False,False
I'm looking for printable digital artwork from historic(1920 or earlier) Singapore and SE Asia(open to elsewhere). Has anyone used local archives or other sources they can share?,"I want to print some of them quite big; A0, which is (841x1188mm) so I need quite large DPI.  Hoping someone has a source they have used to get such large printable files.

Looking for paintings and sketches mostly. Portraits, ships, landscapes, ect.  


Thank you in advance.",wkwb4b,0,0.5,Serious Discussion,2022-08-10 20:35:05+08:00,4,f1061,https://www.reddit.com/r/singapore/comments/wkwb4b/im_looking_for_printable_digital_artwork_from/,,False,False
"Esso cuts diesel price by 11 cents, petrol prices by 9 cents",NULL,wkvby6,3,0.62,News,2022-08-10 19:46:55+08:00,1,d998c9ok,https://www.straitstimes.com/singapore/transport/esso-cuts-diesel-price-by-11-cents-petrol-prices-by-9-cents,,False,False
James Dyson receives Public Service Star award for contributions to S'pore's economic growth,NULL,wkv6yd,0,0.43,Tabloid/Low-quality source,2022-08-10 19:39:36+08:00,21,51r50ub5,https://mothership.sg/2022/08/singapore-james-dyson-award/,,False,False
Where can I throw a bloated lipo battery?,I've heard not to discharge it once it's bloated because it can worsen it. Where do I get rid of it? Will hobby stores help to take them and dispose?,wkv5g7,7,0.74,Discussion,2022-08-10 19:37:12+08:00,6,3nzxysel,https://www.reddit.com/r/singapore/comments/wkv5g7/where_can_i_throw_a_bloated_lipo_battery/,,False,False
What aspects of Singaporean culture should we make effort to preserve?,"Happy National Day! During a discussion with a friend, he said it is ironic that many young Singaporeans complain that Singapore is dull/boring/lacking culture, but then abandon/reject our diverse traditional cultural practices that make Singapore more vibrant. So let's discuss which aspects of Singaporean culture are declining but we want to preserve!

I want to preserve our community cat culture. In our fast-paced society, the cats are a great source of stress relief, available to anyone for free, because they belong to the community, not one household. They are also cared for by the community (some cats are fed by 2-3 makciks living in the same block) in a throwback to our kampung spirit. However, the community cat population is falling due to successful TNR program, less people feeding them and more accidents/abusers (reflects the bad side of our society), so we need more efforts to preserve our community cat culture.",wkv1jx,40,0.81,Discussion,2022-08-10 19:31:20+08:00,58,hnenpaga,https://www.reddit.com/r/singapore/comments/wkv1jx/what_aspects_of_singaporean_culture_should_we/,,False,False
Companies in Singapore in danger of losing talent over mental health and fatigue woes,NULL,wkv0o3,66,0.89,News,2022-08-10 19:30:11+08:00,25,6z4wpym0,https://www.straitstimes.com/singapore/jobs/companies-in-singapore-in-danger-of-losing-talent-over-mental-health-and-fatigue-woes,,False,False
No surgery required for Red Lions team member who had rough landing at NDP 2022: Ng Eng Hen,NULL,wkuyok,322,0.96,News,2022-08-10 19:27:08+08:00,47,2hm1qrxa,https://www.channelnewsasia.com/singapore/red-lion-jeffrey-heng-national-day-parade-hard-landing-no-surgery-required-full-recovery-rehab-2871916,,False,False
Teen arrested after allegedly posting tweet that an item would 'blow up' at Marina Bay's floating platform,NULL,wkuo8y,71,0.92,News,2022-08-10 19:10:48+08:00,35,2hm1qrxa,https://www.channelnewsasia.com/singapore/teen-arrested-tweet-suggesting-item-blow-marina-bay-float-ndp-2871846,,False,False
Return of the legend?,Found on sgfollowsall,wktufh,835,0.97,"Photos, Videos",2022-08-10 18:23:13+08:00,49,ch7kj93u,https://i.redd.it/omfsgh7d4vg91.jpg,,False,False
"Man jailed for assaulting and molesting sister, hitting wife with glass bottle",NULL,wktrxl,10,0.75,News,2022-08-10 18:19:05+08:00,6,o97gxzo0,https://www.channelnewsasia.com/singapore/man-molest-sister-assault-wife-domestic-violence-abuse-2871556,,False,False
"As an LGBTI+ person moving to Singapore, what should I know about dating, lifestyle, and finding networks?","I'm a cisgender gay man moving to Singapore in a few months, and I have some reservations about what my day-to-day life might be like as an LGBTI+ person in Singapore. This is my first time living out of very 'progressive' Western cities, so just a bit nervous!

Maybe these reservations are unwarranted, but I would love to gather some info/stories on what it's like. I'm a foreigner so I'm mindful my experience may differ from local Singaporeans.

Lots of posts here talk about 377a (rightfully so), but I'm also interested in knowing:

* what dating life is like - are most people comfortable going on dates in public (bars, cafes etc.)?
* to what extent dating/hookup apps are used (in the LGBTI+ sense not generally)
* are minor public displays of affection (briefly holding hands or kissing) frowned upon?
* are there particular areas (bars, events etc.) that the LGBTI+ community frequent?
* is it difficult to find an LGBTI+ network?
* and any other stories or info you may want to share!",wkte41,4,0.53,Discussion,2022-08-10 17:55:55+08:00,8,1wqpmqx3,https://www.reddit.com/r/singapore/comments/wkte41/as_an_lgbti_person_moving_to_singapore_what/,,False,False
Otters having breakfast at an early morning,NULL,wkt3gq,22,0.75,"Photos, Videos",2022-08-10 17:37:16+08:00,0,10vj06,https://v.redd.it/e2di40podwg91,,False,False
Singaporean woman spills the (green) tea on being a farmer in Japan,NULL,wksg13,39,0.84,Opinion / Fluff Post,2022-08-10 16:55:48+08:00,2,uazlr,https://www.asiaone.com/lifestyle/singaporean-woman-spills-green-tea-being-farmer-japan,,False,False
Sri Lanka's ousted president Gotabaya Rajapaksa expected to leave Singapore for Thailand,NULL,wksbaz,50,0.92,News,2022-08-10 16:46:53+08:00,13,3onsmzzo,https://www.straitstimes.com/asia/south-asia/sri-lankas-ousted-president-gotabaya-rajapaksa-expected-to-leave-singapore-for-thailand,,False,False
Sentosa homes,"Been seeing quite a lot of sentosa units being advertised. Price wise psf it doesn‚Äôt seem that crazy as compared to eg the new launches recently. However, nobody seem to be snapping up the units in sentosa. 

Anyone knows why?",wksaxt,17,0.76,Discussion,2022-08-10 16:46:12+08:00,22,op3fame,https://www.reddit.com/r/singapore/comments/wksaxt/sentosa_homes/,,False,False
"When I go to the hawker centre, I place a tissue packet on every empty table so people have something to clean up with after eating. What act of kindness do you do for strangers?",Inspired by a post on r/CasualUK for the Singapore version of kindness :),wksar1,2553,0.94,Satire/Parody,2022-08-10 16:45:51+08:00,354,8oqfmyft,https://www.reddit.com/r/singapore/comments/wksar1/when_i_go_to_the_hawker_centre_i_place_a_tissue/,,False,False
"Happy National Day, Singapore! (From a Migrant Worker who never got to see the NDP ever /s)",NULL,wks9ie,257,0.91,Opinion / Fluff Post,2022-08-10 16:43:31+08:00,8,g3psubhu,https://www.reddit.com/gallery/wks9ie,,False,False
From studying potential biological weapons to teaching pre-schoolers: A scientist‚Äôs unusual career switch,NULL,wkrxxs,1,0.52,News,2022-08-10 16:22:40+08:00,3,4l1qqy8i,https://cnalifestyle.channelnewsasia.com/women/extreme-career-switch-kids-and-kins-childcare-centre-catherine-ong-321821,,False,False
Feng Tianwei becomes first Singaporean to win outstanding athlete award at Commonwealth Games,NULL,wkrri4,115,0.91,News,2022-08-10 16:10:59+08:00,11,d998c9ok,https://www.channelnewsasia.com/sport/feng-tianwei-first-singaporean-win-commonwealth-games-outstanding-athlete-award-2871181,,False,False
Forum: Monkeys have been invading and harassing neighbourhood,NULL,wkr5ta,3,0.56,Opinion / Fluff Post,2022-08-10 15:31:43+08:00,15,51r50ub5,https://www.straitstimes.com/opinion/forum/forum-monkeys-have-been-invading-and-harassing-neighbourhood,,False,False
[OpenTaiko] Stronger Together - NDP 2022 Theme (All difficulties @ 3:10),NULL,wkqvpj,63,0.86,I Made This,2022-08-10 15:13:55+08:00,2,rfzya,https://v.redd.it/qwbqj08h6ug91,,False,False
Spicy Singapore Beef Noodles.,NULL,wkqfts,203,0.92,"Photos, Videos",2022-08-10 14:46:03+08:00,53,14ebbq,https://v.redd.it/b209hvwg1ug91,,False,False
translation literally.,NULL,wkplgn,479,0.98,"Photos, Videos",2022-08-10 13:53:34+08:00,42,1slkqqae,https://i.redd.it/o7wimau8stg91.jpg,,False,False
National Day: Preserving sovereignty in the information age,NULL,wkpldx,4,0.6,News,2022-08-10 13:53:27+08:00,2,j12uvl8e,https://www.singaporelawwatch.sg/Headlines/national-day-preserving-sovereignty-in-the-information-age,,False,False
GDC or CDC vouchers? Online supermarket's flyers baffle Serangoon and Hougang residents,NULL,wkp8lu,11,0.82,News,2022-08-10 13:32:17+08:00,5,bbse2o7b,https://www.asiaone.com/singapore/gdc-or-cdc-vouchers-online-supermarkets-flyers-baffle-serangoon-and-hougang-residents,,False,False
nationality noodles: Singapore,NULL,wkoprl,42,0.68,I Made This,2022-08-10 13:02:33+08:00,34,2ifoh1pa,https://i.redd.it/uvxr9ol5jtg91.jpg,,False,False
Visiting SG for the first time and took this photo at east-coast park,NULL,wkoaja,286,0.9,"Photos, Videos",2022-08-10 12:39:50+08:00,41,135fth,https://i.redd.it/bu87egf3ftg91.jpg,,False,False
SG has the 4th highest car theft in the world?,NULL,wko6ns,0,0.3,Opinion / Fluff Post,2022-08-10 12:33:49+08:00,14,s00pe,https://www.scrapcarcomparison.co.uk/blog/where-are-most-cars-stolen/,,False,False
Do longer out-of-school study hours translate to better student performance?,NULL,wknl9b,70,0.94,News,2022-08-10 12:02:20+08:00,13,ojuqd,https://i.redd.it/4zevydqe8tg91.jpg,,False,False
she is thankful to HDB for her BTO queue number,NULL,wkmj1y,914,0.94,"Photos, Videos",2022-08-10 11:08:37+08:00,122,lvhxhhj5,https://v.redd.it/62bmd8hrysg91,,False,False
Fairprice Radio,Does anyone know what playlist they play at Fairprice Xtra? Heard this one song at the outlet at Changi City Point that i really liked.,wkm0qe,0,0.21,Discussion,2022-08-10 10:43:00+08:00,11,74f6pr76,https://www.reddit.com/r/singapore/comments/wkm0qe/fairprice_radio/,,False,False
Fireworks from MBS yesterday. Happy belated Singapore!,NULL,wkli9o,39,0.76,"Photos, Videos",2022-08-10 10:16:57+08:00,2,3xtbw5ut,https://v.redd.it/2nfgwsi47ug91,,False,False
"Happy 57th BDay, Singapore!",NULL,wkjloz,11,0.6,"Photos, Videos",2022-08-10 08:43:59+08:00,4,bsjrhg38,https://v.redd.it/fq3vixu09sg91,,False,False
"""'It really hit home': Man caught on camera crying during National Anthem",NULL,wkijob,217,0.89,News,2022-08-10 07:54:27+08:00,43,67m06,https://www.straitstimes.com/singapore/it-really-hit-home-man-caught-on-camera-crying-during-the-national-anthem,,False,False
'Incredibly tragic': Singaporean man pleads guilty to murdering wife while on holiday in UK,NULL,wkiagx,34,0.88,News,2022-08-10 07:42:30+08:00,7,6z4wpym0,https://www.channelnewsasia.com/world/newcastle-alan-fong-soong-hert-pleads-guilty-admits-murdering-wife-evelyn-pek-ling-ying-2870041,,False,False
"/r/singapore random discussion and small questions thread for August 10, 2022","Talk about your day. Anything goes, but subreddit rules still apply. Please be polite to each other!",wkfyzc,13,0.76,,2022-08-10 06:00:11+08:00,681,6l4z3,https://www.reddit.com/r/singapore/comments/wkfyzc/rsingapore_random_discussion_and_small_questions/,,False,False
Advice on the process of getting an apartment in Singapore,"Heya,

Moving to Singapore in early September for work (EP). Absolutely excited!

I have a few questions for you seasoned apartment hunters.

First some context: I've found a few good studios and have had conversations with the realtors/agents (primarily through propertyguru and 99.co). Many of them are telling me that these places are really popular and will probably be off the market in a few days thereby forcing me to make a quick decision. 

What I'm afraid of is that the pictures and videos they've shared with me are not truly representative of what the apartment looks like. While I would love to take a look at them in person, I won't be in Singapore until September by which point, I assume, the apartments would've already been rented out. But the last thing I want to do is sign a 1-year lease on a studio apartment I'll hate.

Questions:

1. How often do Singaporean realtors / agents mislead with pictures and videos? Have you heard many stories of foreigners being burned by signing the lease on an apartment they haven't personally seen?

2. If I was to come to Singapore and look for an apartment while staying at a hotel, how long do you think I'll need to bunk at the hotel? I'm debating between a co-living space for 3 months vs a hotel for a month or 2. I know this is expensive but it's cheaper than the mental cost of disliking the place you're living in for a year.

Thanks in advance!",wkd13l,0,0.33,Discussion,2022-08-10 03:56:36+08:00,19,163lwe,https://www.reddit.com/r/singapore/comments/wkd13l/advice_on_the_process_of_getting_an_apartment_in/,,False,False
"George Yeo says he‚Äôs not running in upcoming Presidential Election to be held by 2023 - Mothership.SG - News from Singapore, Asia and around the world",Is it just me heaving a sigh of relief that he will not be running for President üòåüòÇ,wkaw5f,23,0.69,Tabloid/Low-quality source,2022-08-10 02:32:32+08:00,70,61d7o5yi,https://mothership.sg/2022/08/george-yeo-presidential-election/,,False,False
That‚Äôs some serious inflation!,NULL,wk84em,0,0.35,"Photos, Videos",2022-08-10 00:43:19+08:00,2,9kmca,https://imgur.com/a/IOgLNbH/,,False,False
Red Lions parachute team member in stable condition after hard landing at National Day Parade 2022,NULL,wk74kx,34,0.84,News,2022-08-10 00:04:12+08:00,1,6z4wpym0,https://www.channelnewsasia.com/singapore/red-lions-parachute-hard-landing-ndp-2022-3wo-jeffrey-heng-stable-condition-2869251,,False,False
"NDP : move over Maverick, it's Mystique",NULL,wk66te,777,0.96,Meme,2022-08-09 23:26:48+08:00,116,atjca4y,https://i.redd.it/kxy0lb2mhpg91.jpg,,False,False
Happy late national day in VR!,NULL,wk5cdm,6,0.56,I Made This,2022-08-09 22:52:37+08:00,2,3mqo5nge,https://i.redd.it/7dg4oorgbpg91.png,,False,False
NDP used Attack On Titan OST,NULL,wk4vj7,289,0.95,"Photos, Videos",2022-08-09 22:33:30+08:00,56,64c1eppz,https://v.redd.it/3m4w0al38pg91,,False,False
Fly past at Punggol,NULL,wk3tp4,63,0.85,"Photos, Videos",2022-08-09 21:50:08+08:00,4,3tf0nm9m,https://v.redd.it/fjhvljuvhqg91,,False,False
SG AMONGUS,NULL,wk3ab1,769,0.96,Meme,2022-08-09 21:26:22+08:00,25,1rsbsncm,https://i.redd.it/iwh5y7u1wog91.png,,False,False
man moved to tears by our national anthem,NULL,wk34hj,473,0.94,"Photos, Videos",2022-08-09 21:18:56+08:00,61,l9c4d6nw,https://v.redd.it/kk5dzrmsuog91,,False,False
When there is work tomorrow...,NULL,wk2se4,321,0.95,Meme,2022-08-09 21:03:30+08:00,8,7m7rlnau,https://i.redd.it/pdqfsxk1sog91.png,,False,False
Happy 57th Birthday Singapore! You've filled my life with decades of creativity & colors. Thank you!,NULL,wk2scq,225,0.96,I Made This,2022-08-09 21:03:27+08:00,16,7l4lj1po,https://www.reddit.com/gallery/wk2scq,,False,False
"Tbh, this was a dare, turned out surprisingly good, happy bday Singapore! üá∏üá¨",NULL,wk2ma3,97,0.79,I Made This,2022-08-09 20:55:55+08:00,11,9f7a89eb,https://i.redd.it/41abfc0pqog91.jpg,,False,False
NDP Over liao. Drop links to National Day sales pls.,"I'll start the ball rolling:

Haidilao¬†got 20% Off Discount from all meat and vegetable items¬†before 6pm. Promo ends on 11 August (Thursday)

 H√§agen-Dazs 1-for-1 Ice Cream for takeaway orders. Promo ends on 14 August (Sunday)",wk2ijv,161,0.95,Discussion,2022-08-09 20:50:51+08:00,7,3chylo1l,https://www.reddit.com/r/singapore/comments/wk2ijv/ndp_over_liao_drop_links_to_national_day_sales_pls/,,False,False
Red Lion stretchered off after hard landing at NDP,NULL,wk2ias,67,0.9,"Photos, Videos",2022-08-09 20:50:30+08:00,7,ohw9j,https://youtu.be/ZM-pZHNzG9E,,False,False
Dude knows his priority in life,NULL,wk2d63,697,0.99,Meme,2022-08-09 20:43:40+08:00,23,litvih9,https://i.redd.it/yfnomm8ioog91.jpg,,False,False
Pic of the phoenix fireworks since many ppl were asking for it,NULL,wk2d4i,1239,0.98,"Photos, Videos",2022-08-09 20:43:36+08:00,65,5m8ji,https://i.redd.it/jcy2v6dfoog91.png,,False,False
Chevy Chase attended the parade,I didn‚Äôt know Piercecinald Anastasia Hawthorne was such a fan of Singapore,wk2bjm,168,0.9,Meme,2022-08-09 20:41:24+08:00,19,1hzxjwo3,https://i.redd.it/zscsh5k3oog91.jpg,,False,False
When government announces GST hike,NULL,wk257j,590,0.95,Satire/Parody,2022-08-09 20:33:02+08:00,12,4ux05,https://imgur.com/EyfUuot.jpg,,False,False
TBH I will cry as a man if Majulah Singapura was played overseas. Bless this guy.,NULL,wk20j9,1892,0.93,"Photos, Videos",2022-08-09 20:26:57+08:00,158,4du3w4ys,https://i.redd.it/zfuem23alog91.png,,False,False
"Long ago, the 4 races lived together in harmony. Then, everything changed when the Fire Nation attacked.",NULL,wk1o4c,520,0.97,Satire/Parody,2022-08-09 20:09:27+08:00,26,blchp06e,https://i.redd.it/zmgaeedeiog91.jpg,,False,False
Marina Bay Grand Prix Flythrough - Call of Duty: Modern Warfare II,NULL,wk184h,29,0.81,"Photos, Videos",2022-08-09 19:46:55+08:00,2,33snjug4,https://www.youtube.com/watch?v=iGIwZOC7hTU&feature=youtu.be,,False,False
Blackpink's world tour will include a Singapore concert on May 13 next year,NULL,wk0ni2,60,0.78,News,2022-08-09 19:16:08+08:00,9,6z4wpym0,https://www.straitstimes.com/life/entertainment/blackpinks-world-tour-will-include-a-singapore-concert-on-may-13-next-year,,False,False
The History of Singapore I guess.,NULL,wk0gk5,986,0.98,I Made This,2022-08-09 19:05:20+08:00,59,7vry7irv,https://www.reddit.com/gallery/wk0gk5,,False,False
Red Lion parachutist stretchered off during National Day Parade after incident at landing,NULL,wk0bn0,76,0.89,News,2022-08-09 18:58:20+08:00,6,2ulykn7y,https://www.todayonline.com/singapore/red-lion-parachutist-stretchered-during-national-day-parade-after-incident-landing-1965331,,False,False
When you take too many GrabFood orders but can't fulfill any of them on time...,NULL,wk01sj,258,0.97,"Photos, Videos",2022-08-09 18:42:32+08:00,66,fk3jf,https://imgur.com/ofwDxRL.jpg,,False,False
Last red lion being attended to,NULL,wjzurw,587,0.98,"Photos, Videos",2022-08-09 18:30:55+08:00,34,9h6lnfhu,https://v.redd.it/rcp7pvat0og91,,False,False
red lion hard landing,NULL,wjzlx2,1623,0.98,Serious Discussion,2022-08-09 18:16:33+08:00,190,2ymhf3ew,https://v.redd.it/gkatzmm7yng91,,False,True
Man seen eating leftover food at McDonald's outlet - here's how a diner made sure he had a proper meal,NULL,wjzjen,25,0.69,News,2022-08-09 18:12:29+08:00,8,bbse2o7b,https://www.asiaone.com/singapore/man-seen-eating-leftover-food-mcdonalds-outlet-heres-how-diner-made-sure-he-had-proper,,False,False
"Our Singapore shop houses would look so much more pretty and photogenic if we didn't have cars parking right beside them, like what Japan does.",NULL,wjzist,372,0.78,Opinion / Fluff Post,2022-08-09 18:11:26+08:00,132,am0eouxu,https://i.imgur.com/MVQL1QK.jpg,,False,False
"This morning, I woke up to seeing a rooster outside my room",NULL,wjz0qz,60,0.84,"Photos, Videos",2022-08-09 17:40:58+08:00,23,7p9svu7h,https://i.redd.it/svn7entwrng91.jpg,,False,False
Caik,NULL,wjyp9b,176,0.92,"Photos, Videos",2022-08-09 17:20:37+08:00,7,58as5dlr,https://i.redd.it/17jkszy9ong91.jpg,,False,False
Megathread: National Day Parade 2022,"*NDP 2022* returns today at 5.35pm! Here's a megathread to facilitate discussions!

Stream Links: [Mediacorp](https://www.youtube.com/watch?v=MXa4jMdVjfQ), [CNA](https://www.youtube.com/watch?v=gpgpggKhTts)",wjxxdd,212,0.95,Megathread,2022-08-09 17:00:38+08:00,1193,1ed93r63,https://www.reddit.com/r/singapore/comments/wjxxdd/megathread_national_day_parade_2022/,,False,False
"For National Day, I composed this military band arrangement: A march based on a well-known NDP song. I hope y'all like it, and happy 57th!",NULL,wjx3io,64,0.86,I Made This,2022-08-09 15:37:44+08:00,1,6gduftwk,https://v.redd.it/quthc6dl5ng91,,False,False
"Inflation at a new level, takeaway container charge additional 10% - The Independent Singapore News",NULL,wjwtcx,8,0.62,Tabloid/Low-quality source,2022-08-09 15:19:58+08:00,13,1eqdt8vc,https://theindependent.sg/inflation-at-a-new-level-takeaway-container-charge-additional-10/,,False,False
TikTok sensation Jeff Ng to make a special appearance at Gardens by the Bay picnic on National Day,NULL,wjwruw,0,0.09,News,2022-08-09 15:17:10+08:00,4,51r50ub5,https://cnalifestyle.channelnewsasia.com/entertainment/jeff-ng-national-day-gardens-bay-325571,,False,False
Is it legal for retailers to deduct service fee from gst refund of foreign customers?,"Some of my friends purchased products from Singapore and since they are travellers, they can apply for fast refund. But every retailer is charging around 30-40% service fee on that gst refund. Is it legal to do that?",wjwohr,17,0.79,Discussion,2022-08-09 15:11:05+08:00,8,acnm907c,https://www.reddit.com/r/singapore/comments/wjwohr/is_it_legal_for_retailers_to_deduct_service_fee/,,False,False
Question for DevOps/ platform/ SRE engineers in Singapore.,"I‚Äôm a recruiter In japan struggling to find experienced engineers in the above fields who are currently working in Singapore. Singapore is a hub for Asian software engineers but they are so difficult to find on LinkedIn.

Are these positions named something else in Singapore? Or is LinkedIn not popular in Singapore? Any suggestions?",wjvsxs,12,0.7,Discussion,2022-08-09 14:15:49+08:00,11,5xo4injs,https://www.reddit.com/r/singapore/comments/wjvsxs/question_for_devops_platform_sre_engineers_in/,,False,False
"'I just screw up a lot': Man loses passport in New Delhi, police find it 11 hours' train ride away",NULL,wjv3i3,237,0.91,News,2022-08-09 13:33:52+08:00,57,bbse2o7b,https://www.asiaone.com/singapore/i-just-screw-lot-man-loses-passport-new-delhi-police-find-it-11-hours-train-ride-away,,False,False
This made my day: Delivery rider dishes out pizzas worth $160 to strangers after cancelled order,NULL,wjv1u1,104,0.95,News,2022-08-09 13:31:21+08:00,8,bbse2o7b,https://www.asiaone.com/singapore/made-my-day-delivery-rider-dishes-out-pizzas-worth-160-strangers-after-cancelled-order,,False,False
Happy Neh-tional Day,NULL,wju0qd,1002,0.98,"Photos, Videos",2022-08-09 12:34:17+08:00,50,5kb8k,https://i.redd.it/k0ro3p479mg91.jpg,,False,True
S'pore e-commerce app apologises for sending out promotional mailers that look like official CDC vouchers,NULL,wju0a7,30,0.79,Tabloid/Low-quality source,2022-08-09 12:33:33+08:00,4,6z4wpym0,https://mothership.sg/2022/08/gdc-vouchers-gaigai/,,False,False
"Restaurants in court battle: The Social Outcast sues Ishiro for S$200,000 over alleged racist, derogatory comments",NULL,wjtv1u,82,0.91,News,2022-08-09 12:25:46+08:00,20,51r50ub5,https://www.todayonline.com/singapore/restaurants-court-battle-social-outcast-sues-ishiro-s200000-over-alleged-racist-derogatory-comments-1964756,,False,False
Does anyone remember a fighter jet simulator in Timezone?,As per the title did anyone remember a fighter jet simulator in Timezone in Tampines mall during 2007-2011? It was my favorite arcade game at the time and I cant seem to find any information about it. Thanks in advance.,wjtp46,24,0.82,Discussion,2022-08-09 12:16:51+08:00,14,9r9zhcq,https://www.reddit.com/r/singapore/comments/wjtp46/does_anyone_remember_a_fighter_jet_simulator_in/,,False,False
Happy National Day Singapore," Singapore becomes independent in 1965, when it is actually expelled from Malaysia, I guess the only country in the world that become independent forcibly.  It was earlier part of the Malay federation along with Borneo and Sarawak.

 However the Singapore state Govt differed with the Malaysian Govt, especially on the special privileges given to Malays.  Lee Kuan Yew then Singapore CM, led the demand advocating equal treatment for all races in Malaysia.  Add to it the increasing racial tensions between the Chinese and Malays, especially the 1964 riots, on June 21, that saw many Chinese attacked, and their shops, properties looted. There were economic tensions too. 

 Also there was a fear that Singapore then being the economically dominant province, it would dominate Kuala Lumpur. Singapore had restrictions on trade, with rest of Malayisa, and in turn it refused loans to Sabah and Sarawak. 

 With the UMNO rhetoric rising, and calls to arrest Lee Kuan Yew, then Malaysian PM, thought it would be better to expel Singapore from the Federation, which is how it became an independent nation by force, but proved better in the long run. 

&#x200B;

https://preview.redd.it/n6txn2uj4mg91.png?width=360&format=png&auto=webp&s=5cf690231b372f20640c68fdf4e8484a9d8a4bc5

https://preview.redd.it/pkohhwak4mg91.png?width=360&format=png&auto=webp&s=6bcfd1103fb3fd5d0837dcc61cf7b78ee7781314

https://preview.redd.it/q5apytsk4mg91.png?width=360&format=png&auto=webp&s=062d11cab0e51bea27c7840aaf1d4bc9e0a7d506

https://preview.redd.it/dgogwl8l4mg91.png?width=360&format=png&auto=webp&s=9853f43c9cd7e3416bd5d6d88e59b1e436ba49f7",wjtjy8,83,0.81,Discussion,2022-08-09 12:09:15+08:00,12,2j408pkr,https://www.reddit.com/r/singapore/comments/wjtjy8/happy_national_day_singapore/,,False,False
Happy birthday Singapore!,NULL,wjtea3,768,0.98,I Made This,2022-08-09 12:00:50+08:00,36,2unuq87x,https://www.reddit.com/gallery/wjtea3,,False,False
WhT is the most patriotic thing one can do in Singapore on National Day.,Let the ideas flow. I‚Äôm working today so your ideas will be keeping me company.,wjte3t,0,0.29,Opinion / Fluff Post,2022-08-09 12:00:37+08:00,40,rvmpy,https://www.reddit.com/r/singapore/comments/wjte3t/wht_is_the_most_patriotic_thing_one_can_do_in/,,False,False
‚ÄúThe Fourth Trimester‚Äù by Checkpoint Theatre brings up many issues regarding pregnancy and married life. Has anybody watched it? Would love to hear your thoughts!,NULL,wjt99k,8,0.58,"Photos, Videos",2022-08-09 11:53:34+08:00,10,51p5c0p1,https://i.redd.it/c2ac3mkx1mg91.jpg,,False,False
Never Forgetti,NULL,wjsljc,2243,0.97,"Photos, Videos",2022-08-09 11:19:50+08:00,105,oq4ii0y0,https://v.redd.it/6yyqacvrvlg91,,False,False
I recreated the livery of the F-16 Black Knights and F-15SG RSAF50 as a mod in Ace Combat 7.,NULL,wjqr8m,302,0.96,I Made This,2022-08-09 09:53:09+08:00,26,13l351,https://v.redd.it/qvc91es9glg91,,False,False
Double rainbow over Lentor Hillock,NULL,wjpiu0,237,0.94,"Photos, Videos",2022-08-09 08:55:14+08:00,15,566u0,https://www.reddit.com/gallery/wjpiu0,,False,False
13 weeks' jail for doctor who filmed clinic assistant showering at work,NULL,wjpb4a,54,0.89,News,2022-08-09 08:45:20+08:00,30,liytxwj0,https://www.straitstimes.com/singapore/courts-crime/13-weeks-jail-for-doctor-who-filmed-clinic-assistant-showering-at-work,,False,False
"happy birthday, singapore!","dear singapore,

i whine about you a lot -
you are so flawed, yet amongst all these flaws, i am able to find a semblance of security and stability i still haven‚Äôt been able to find elsewhere.

a land full of opportunities during my grandparent‚Äôs time; a land full of unknowns, where they gambled everything and chose to settle here. thank you for being the foundation of my security, especially in my earlier years.

some of my saddest memories have unfolded on your soil - i have felt my worst heartbreaks, disappointments and shed more tears here than anywhere else; and yet these tears, ironically, have helped me to grows roots and be cemented here. now, you hold some of my fondest and most precious memories, too.

in this ephemeral lifetime, i have gone to the himalayas and back, called a few other places home along the way, but you‚Äôre the only place that will always have a special place my heart. right here.

happy birthday, singapore.",wjp8aj,50,0.67,Opinion / Fluff Post,2022-08-09 08:41:55+08:00,8,1u1kjj7f,https://www.reddit.com/r/singapore/comments/wjp8aj/happy_birthday_singapore/,,False,False
S'porean charged with wife's murder in UK tells court he does not remember killing her,NULL,wjp7te,91,0.93,News,2022-08-09 08:41:26+08:00,18,6z4wpym0,https://www.straitstimes.com/singapore/courts-crime/sporean-charged-with-wifes-murder-in-uk-tells-court-he-does-not-remember-killing-her,,False,False
Singapore paddler Feng Tianwei being presented with the David Dixon award | Commonwealth Games 2022,NULL,wjp1p6,101,0.89,News,2022-08-09 08:33:44+08:00,3,d998c9ok,https://www.youtube.com/watch?v=7eQVM4EvHI8,,False,False
and another day - national day 2022,NULL,wjp171,62,0.75,I Made This,2022-08-09 08:33:04+08:00,8,o8vn6lup,https://i.redd.it/tcunwwg32lg91.png,,True,False
"/r/singapore random discussion and small questions thread for August 09, 2022","Talk about your day. Anything goes, but subreddit rules still apply. Please be polite to each other!",wjlifc,5,0.6,,2022-08-09 06:00:14+08:00,649,6l4z3,https://www.reddit.com/r/singapore/comments/wjlifc/rsingapore_random_discussion_and_small_questions/,,False,False
"Travel takes top spot in S'pore consumers' non-essential spending; more choose to buy now, pay later",NULL,wjl9i3,13,0.68,News,2022-08-09 05:50:02+08:00,7,vjhr0h9,https://www.straitstimes.com/business/travel-takes-top-spot-in-spore-consumers-non-essential-spending-with-more-choosing-to-buy-now-pay-later,,False,False
Hey guys was called out to pick up trash at cck cemetery at 3am here are the pics. Did this cause I want to do a r/Singapore beach clean up more info in the comments. Also happy National Dayüá∏üá¨üá∏üá¨üá∏üá¨,NULL,wji8x3,727,0.96,"Photos, Videos",2022-08-09 03:47:22+08:00,60,kwwi75jb,https://www.reddit.com/gallery/wji8x3,,False,False
"'A storm is gathering around us,' says Singapore's PM Lee amid US-China tensions",NULL,wjg0lh,29,0.74,News,2022-08-09 02:18:34+08:00,42,6z4wpym0,https://ph.news.yahoo.com/singapore-pm-lee-us-china-tensions-124957505.html,,False,False
'Doesn't really make a difference': Ang Mo Kio SERS residents shrug at chance to apply for BTO flat in the estate,NULL,wjdge2,8,0.65,News,2022-08-09 00:37:49+08:00,9,1eqdt8vc,https://www.channelnewsasia.com/singapore/doesnt-make-difference-ang-mo-kio-sers-residents-bto-flat-estate-replacement-2866761,,False,False
Happy NDP 2022,NULL,wjcs81,75,0.87,I Made This,2022-08-09 00:11:02+08:00,14,4lt4ld2f,https://v.redd.it/3u5f0xz7fig91,,False,False
Overcharged in restaurant,"
I went for dinner at a restaurant and realised when I got home I‚Äôd been overcharged a significant amount. I went back the next day and complained in person, they said they‚Äôd take care of it. A few days later, I had to email following up as there‚Äôd been no contact, and they replied saying they agreed to the complaint and would refund the overcharged amount. It‚Äôs now a week later and no refund (and no responses to further emails). I‚Äôm intending to file a case with CASE, but is there any statutory authority I can report the restaurant to? I think SFA only deals with hygiene of food (please correct me if I‚Äôm wrong). Thank you.",wjce7f,18,0.76,Serious Discussion,2022-08-08 23:56:01+08:00,10,7c0mu1hp,https://www.reddit.com/r/singapore/comments/wjce7f/overcharged_in_restaurant/,,False,False
"'Huh, you siao ah?' Singaporean moves to Chile for year-long 'honeymoon', stays for 5 years",NULL,wjbrp5,87,0.89,Opinion / Fluff Post,2022-08-08 23:30:43+08:00,8,5drps2e1,https://www.asiaone.com/lifestyle/huh-you-siao-ah-singaporean-moves-chile-year-long-honeymoon-stays-5-years?utm_medium=Social&utm_source=Facebook&fbclid=IwAR1JpnMqg5CXOUjt9TkbTgjr_Gd7kzKj7nB9K3RNj9UGxF6bc5s2SUG--x4&fs=e&s=cl#Echobox=1659969138,,False,False
NDP 2022 Theme Song - Stronger Together | Piano Cover,NULL,wjbot0,30,0.75,I Made This,2022-08-08 23:27:19+08:00,2,36ij14l4,https://v.redd.it/bs84g5vp5ig91,,True,False
Woman kicked cop in groin during arrest after creating ruckus in Sembawang,NULL,wjb5o4,63,0.92,News,2022-08-08 23:05:45+08:00,24,6z4wpym0,https://www.straitstimes.com/singapore/courts-crime/jail-and-fine-for-woman-who-kicked-policeman-in-the-groin,,False,False
Best splurge meal in Singapore?,"I'll be coming round Singapore in a couple weeks, and am looking for one splurge meal to cap off my trip. I hope to be predominantly eating at hawker stalls, but was looking to set aside ~$150 SG (including tax + tip, and I don't need to drink) for an exceptional meal to cap off the trip.

Hoping to have something unique to Singapore (so ideally not French/Italian/Continental that I can get back home). If anyone here has had any exceptional meals, let me know!

(Also any other recommendations across budgets are welcomed :)",wjan2c,108,0.93,Discussion,2022-08-08 22:44:56+08:00,82,nlgc0,https://www.reddit.com/r/singapore/comments/wjan2c/best_splurge_meal_in_singapore/,,False,False
False Celling Break at Westgate (Singapore Atrium Sale),NULL,wj9slt,51,0.83,"Photos, Videos",2022-08-08 22:09:03+08:00,12,51r50ub5,https://v.redd.it/9sxhtywtyhg91,,False,False
Singaporean foods you can't find in Malaysia,"Malaysian here travelling to Singapore next week. Food has always been the mainstay of my travels but there's no way I'm travelling there just to eat... let's say food that I can find in abundance in Malaysia.

After some homework, here are some local Singaporean foods that (to my knowledge) are not common in Malaysia (we won't make a fuss if you claim these).

1. Singaporean Hokkien mee (fried prawn mee)
2. Bak chor mee
3. Katong laksa
4. Hainanese curry rice
5. Tze char (at least the phrase)
6. Satay bee hoon
7. EDIT: Fishball mee pok
8. EDIT: Tao suan (credits to [/u/Traditional\_Bell7883/](https://www.reddit.com/user/Traditional_Bell7883/))
9. EDIT: Black chye tao kueh (credits to [/u/potatetoe\_tractor/](https://www.reddit.com/user/potatetoe_tractor/))
10. EDIT: Prawn vadai (credits to /u/aWitchonthisEarth)

I'm definitely gonna give all of them a try, so your suggestions on where to have them would be much appreciated! If there's anything else worth a shout... shout!",wj9bvx,57,0.81,Discussion,2022-08-08 21:49:15+08:00,103,e00e6,https://www.reddit.com/r/singapore/comments/wj9bvx/singaporean_foods_you_cant_find_in_malaysia/,,False,False
Singapore-based crypto lender Hodlnaut suspends withdrawals,NULL,wj8ypc,66,0.92,News,2022-08-08 21:32:10+08:00,38,o97gxzo0,https://www.channelnewsasia.com/business/hodlnaut-cryptocurrency-singapore-suspend-withdrawals-2867036,,False,False
"Funeral director gets jail for unauthorised credit card charges of S$356,000, attempted witness tampering",NULL,wj8vhf,10,0.7,News,2022-08-08 21:28:04+08:00,7,am0eouxu,https://www.channelnewsasia.com/singapore/funeral-director-credit-card-unauthorised-payment-2867006?cid=FBcna,,False,False
The Wah Lau Gang and Singapore's Favourite Singlish Songs | Singlish: Why We Talk Like That? (Extra),NULL,wj8gaj,6,0.62,"Photos, Videos",2022-08-08 21:08:07+08:00,0,ohw9j,https://youtu.be/RSLEkP3tUbk,,False,False
Did someone press the release button a day early or something?,NULL,wj8avx,56,0.86,"Photos, Videos",2022-08-08 21:01:07+08:00,14,5peq6klc,https://v.redd.it/e7yw97i74jg91,,False,False
"StarHub says 'not tuned to react to sudden surge of users', after weekend Premier League broadcast issues",NULL,wj8bxf,21,0.76,News,2022-08-08 21:02:24+08:00,25,6os9gcsd,https://www.channelnewsasia.com/singapore/starhub-epl-english-premier-league-broadcast-issues-stream-2866546,,False,False
Ceiling leakage at Westgate,NULL,wj81pj,94,0.93,"Photos, Videos",2022-08-08 20:49:12+08:00,27,q2ezv,https://v.redd.it/3wu9nsfkkhg91,,False,False
"Post on woman taking up 4 seats on S'pore bus backfires, photo taker told to mind own business",NULL,wj7469,56,0.82,Tabloid/Low-quality source,2022-08-08 20:02:21+08:00,22,6z4wpym0,https://mothership.sg/2022/08/take-up-4-seats-bus/,,False,False
"Low inflation and interest rates ‚Äònot likely to return anytime soon‚Äô, says PM Lee in National Day message",NULL,wj664g,44,0.8,News,2022-08-08 19:11:09+08:00,36,1eqdt8vc,https://www.channelnewsasia.com/singapore/national-day-message-2022-lee-hsien-loong-inflation-geopolitical-tensions-2866886,,False,False
"Our Padang: The green, green grass of home",NULL,wj60z2,3,0.57,News,2022-08-08 19:03:15+08:00,4,2stf,https://www.straitstimes.com/multimedia/graphics/2022/08/our-padang-75th-national-monument-singapore/index.html,,False,False
"Went for an interview, one of the interviewers got really insulted that I negotiated for a slight increase.","I want a second opinion on this, so I wanted to share the full story of what actually happened.

I went for an interview for a job that was paying between 2.3 - 2.5k it was a 5.5 day job that was opened for people with 'no experience'.

I was quite excited about it and applied for the job, fast forward later I got a video interview. The video interview went well enough. 

What I learned about the job was it was a 'family business' and the interviewer (daughter) love highlighting the fact that their business paid better compared to other businesses and they had really long term workers who worked for them. Sounded good I thought. I said goodbye to the interviewer and looked forward to hearing again from her. 
 
Few days passed and I got a message to have a face to face appointment with another lady (mother), I accepted it, of course. I went there and learn the ins-and-outs of working there. It went well enough and there wasn't anything else to say about it other than the fact again, this older lady keeps highlighting the fact that their business paid more compared to other companies. 

After the tour we had a face to face to talk about certain expectations for the job, questions, and things like that. So first thing was 'notice period', I was currently a part time teacher, and I said my job, I need to give a months notice. The lady told me ""but part timers are usually 3 weeks notice, not one""
So I said, okay but the fact is I did check with my colleagues prior to this and they too agreed it was one month. I said to her, I will check with my boss again for confirmation.

After a few more questions and conversation, I brought up the issue of salary. As it was a 5.5 day job, I wanted to try negotiating a salary of 2.4 instead of the 2.3k, I asked if it was okay to have a salary of 2.4k instead or is 2.3k a fixed amount?, and she mentioned that because I had no experience in said job, I couldn't request for that amount. I just agreed, and didn't say much about it. 

So she was friendly throughout everything and I thought things went well for the time, I never got the vibe that anything was wrong. 

Few days later I got a message from the original interviewer (daughter) that told me 'I was the only candidate that never provided a notice period' and until I could provide a notice period and copy of my current job, I would not be considered. So I went to collect and shared my current contract that stipulated it was a '1 month' notice period, like I mentioned before. 

Few days later I got a message saying she wanted to talk to me again, and I agreed. 
When she called me in the evening I was honestly very shocked by her tone. She sounded so angry at me like I did something wrong. She started with ""What exactly did you say to make them so unhappy"". I explained my situation, I did not say anything that was untoward and I apologize profusely in case I did say anything wrong. 

Apparently she explained that asking for the salary increase had made then leave a bad impression of me, lady(mom) who was on a face to face interview with me had let the others know about me negotiating about the pay increase. According to her, they were really unhappy and said things like ""they are just a part timer with no experience, not even a full timer and still asking for 2.4k"" and also the fact I couldn't bring up my current job contract/notice (Again, please note I have mentioned my notice period during the interview originally)

I was honestly shock at how they reacted. I had to explain to her what exactly I had said and how I did not argue for the salary or anything, that I was fine with the current pay after her explanation. 
She had told me she will have to have a discussion with the rest and if I got rejected/accepted she will let me know. 

Anyways last night, I decided to withdrew from the job application. I felt it wasn't worth the headache to go through such a thing during the interview period. If they were acting this way and talking shit behind your back for the interview, why should I try to stay? 

For the record though, i would like to mention my previous full time jobs were 2.5k and they were 5 day jobs. This particular one wanted to pay 2.3k for a 5.5 day job. Also most of the job interviews I went to have never asked to see my current job contract, so I was also abit taken aback by the request.

Was I in the wrong? I just wanted to get this off my chest cause it was really bothering me last night. I would appreciate a 2nd opinion.

Edit: Since everyone seems to be curious, I was applying for a job related to healthcare.

Edit 2: I can't reveal the name of the company cause that'll be considered Doxxing lah bros, and I don't wanna get into trouble. Sorry!",wj5vk3,706,0.96,Discussion,2022-08-08 18:54:58+08:00,244,7taw3,https://www.reddit.com/r/singapore/comments/wj5vk3/went_for_an_interview_one_of_the_interviewers_got/,,False,False
