comment_id,post_id,author_id,comment_parent_id,body,created_date,score,edited
igitoob,t3_w18mvi,o9gm3kbr,t3_w18mvi,1. Lazy piece of shit 2. That's meat which came from a once living breathing animal. Have some respect,2022-07-17 22:44:21+08:00,1,False
igisidb,t3_w18mvi,me9qlj1h,t3_w18mvi,Did u see the person who put it there?,2022-07-17 22:35:17+08:00,1,False
igirpnl,t3_w18mvi,rcjst,t3_w18mvi,"For context, this was **not in the Halal section**. The freezer is not for non-Halal items. There is more than one thing wrong in this picture.

I didn't just take the picture, I also removed it.

EDIT: Don't be stupid ahh, **I wasn't the one who put it there. I didn't put it there just to take a picture.** I saw it, took a picture, then removed it.",2022-07-17 22:28:58+08:00,1,1658069752.0
igiq4o2,t3_w18cyc,luwzuu41,t3_w18cyc,"Link of landing was captured [https://www.youtube.com/watch?v=0rn-iI7wX-Y](https://www.youtube.com/watch?v=0rn-iI7wX-Y)  


Cause of the incident was filled with speculation, but engaging Autopilot at the wrong time was generally agreed as a cause of this incident.",2022-07-17 22:16:14+08:00,1,False
igitdm6,t3_w18cyc,qejftnz,t3_w18cyc,Maybe pilot trying to take short cut to the terminal and got stuck in mud.  : ),2022-07-17 22:42:00+08:00,1,False
igitigu,t3_w18cyc,p0ozs,t3_w18cyc,Probably not the wisest idea to watch this when I'm about to fly back home,2022-07-17 22:43:02+08:00,1,False
igis0oy,t3_w18cyc,nnoonp9,t3_w18cyc,most accidents take place during the few seconds of takeoff and landing.,2022-07-17 22:31:26+08:00,1,False
igim9b2,t3_w17pok,2vx2xcyw,t3_w17pok,"> # Nearly 800 students receive degrees from NUS medical school amid Covid-19 challenges

> SINGAPORE - Sexual health and challenges faced by the transgender community do not usually come to mind when people think of the medical profession, but they are among important issues Dr Ching Ann Hui and Dr Yuki Ong hope to spotlight.

> In 2019, they started health podcast Third Spacing, which takes its name from the medical term for the movement of fluid between cells and vessels.

> The series has since racked up nearly 50 episodes covering such topics, and features doctors who have taken unconventional career paths such as going from running a private practice in Singapore to working in Afghanistan.

> Dr Ching, 25, wants to improve marginalised populations' access to healthcare.

> ""As doctors, our work is focused on the body, and some of these topics will inevitably be messy. We have to be very cognisant of where our audience comes from, what their background is, and we work from there (to approach these issues),"" she added.

> She is one of more than 280 undergraduates from the National University of Singapore Yong Loo Lin School of Medicine who received their bachelor's degrees on Sunday (July 17).

> Some 500 students from the school were also conferred graduate degrees that day, bringing NUS' 28 commencement ceremonies this year to a close. They include medical practitioners, biomedical scientists and healthcare administrators.

> Manpower Minister Tan See Leng, an alumnus, said doctors should continually thirst for knowledge, explore new frontiers and stay true to the profession's values.

> ""Covid-19 was the crisis of your generation, but it will not be the last pandemic. Disease X will demand young people like you to be daring, imaginative and to pioneer breakthroughs in your respective fields,"" said Dr Tan, who was guest of honour at the postgraduate ceremony.

> New healthcare innovations and technologies were developed at an unprecedented pace during the pandemic, he said, adding that researchers around the globe raced against time to work on Covid-19 vaccines and artificial intelligence was harnessed to develop predictive technologies that saved numerous lives.

> Dr Tan reminded doctors about the importance of having strong principles.

> ""It may be tempting to fall back into the chase of the usual brass rings that society typically exhorts us to covet - fancy titles, bigger corner offices, more material possessions. This road may work for some, but it will come at huge costs and sacrifice, and it may also distract you from what is most important.

> ""Once you strip away the technological developments, healthcare is fundamentally a mortal enterprise. When you have a patient entrust their life to you, or when you see the labour of your work benefit countless others, then you will realise when medicine really becomes a fulfilling calling,"" he added.

---
1.0.2 | [Source code](https://github.com/fterh/sneakpeek) | [Contribute](https://github.com/fterh/sneakpeek)",2022-07-17 21:43:50+08:00,1,False
igis3oo,t3_w17pok,fscynb2d,t3_w17pok,Law school sweats nervously,2022-07-17 22:32:05+08:00,1,False
igitljt,t3_w17pok,qejftnz,t3_w17pok,800 coming in. Wonder how many retire each year?,2022-07-17 22:43:41+08:00,1,False
igijyyc,t3_w16zkq,qcs0sa7,t3_w16zkq,All them titans be tranforming,2022-07-17 21:23:29+08:00,8,False
igimva4,t3_w16zkq,nux7yk,t3_w16zkq,"I saw all the lightning, was quite bright.

I didn't hear a single clap of Thunder here in Bishan, and I had the windows wide open.",2022-07-17 21:49:07+08:00,3,False
igin6cz,t3_w16zkq,bba414q0,t3_w16zkq,Thor: Love and Thunder,2022-07-17 21:51:40+08:00,2,False
igiolbj,t3_w16zkq,y2xlb95,t3_w16zkq,Where was this?,2022-07-17 22:03:31+08:00,1,False
igipb3w,t3_w16zkq,doq78cqv,t3_w16zkq,"Itâ€™s not a thunderstorm, itâ€™s a thunder battle ðŸ§”ðŸ»â€â™€ï¸",2022-07-17 22:09:25+08:00,1,False
igipjrg,t3_w16zkq,501bcm4t,t3_w16zkq,zeus what happened,2022-07-17 22:11:25+08:00,1,False
igis12s,t3_w16zkq,5hsqkt48,t3_w16zkq,It was a silent spectacle!,2022-07-17 22:31:31+08:00,1,False
igiiapv,t3_w16zkq,blb3m9b,t3_w16zkq,Look like some WWE entrance,2022-07-17 21:08:08+08:00,1,False
igik94b,t3_w16zkq,8j05mtzn,t3_w16zkq,Nice!   What phone or camera did you use to capture it?,2022-07-17 21:26:03+08:00,1,False
igikhz0,t3_w16zkq,6cghe6z6,t3_w16zkq,I saw this too!!! Got a shock as it was my first time seeing it! I still thought if its fireworks ðŸ˜„,2022-07-17 21:28:17+08:00,1,False
igiep98,t3_w16ebx,2vx2xcyw,t3_w16ebx,"> # Shooting: Singapore's Teh Xiu Hong and Co create World Cup history in Changwon

> SINGAPORE - The Republic's shooter Teh Xiu Hong was so on fire that she scored a hit 15 times in a row towards the end of the ISSF World Cup women's 25m pistol medal match to win gold with a round of five shots to spare on Saturday (July 16).

> A hit is considered a shot value of 10.2 or higher.

> In doing so, the 28-year-old also helped Singapore win their first gold medal in the pistol discipline of the World Cup series, as teammate Teo Shun Xie took bronze in the same event.

> There were more reasons for the national shooters to cheer at the Changwon International Shooting Range on Sunday as Teh teamed up with her younger sister Teh Xiu Yi and Teo to beat Thailand's Tanyaporn Prucksakorn, Pim-On Klaisuban and Chawisa Paduka 17-9 to claim another gold in the women's 25m pistol team event.

> The trio had won another bronze in the women's air pistol team event on Tuesday after beating Japan's Yukari Konishi, Mika Zaitsu and Satoko Yamada 16-10 in the play-offs.

> In the individual event, Xiu Hong and Teo had made it to the last eight as the first and seventh qualifiers respectively out of 28 athletes.

> They were in separate ranking matches, where Xiu Hong recorded 14 hits out of 20 shots to edge Austria's Sylvia Steiner out of the medal match by one hit. Meanwhile, Teo topped her ranking match with 15 hits.In the four-woman medal match, the shooter with the lowest score after four rounds is knocked out, following which there will be further eliminations after two rounds until the champion is determined.

> India's Manu Bhaker was the first to fall after recording just nine hits in the first 20 shots. Xiu Hong led after six rounds with 23 hits but Frenchwoman Mathilde Lamolle and Teo were tied at 19 hits and required a shootout to decide who would progress. They drew 3-3 in the first shootout round, before Lamolle won 4-3.

> However, Xiu Hong was just too accurate and another perfect round meant that she led 28-21 and had an unassailable lead going into the final round.

> Singapore Shooting Association president Michael Vaz hailed the shooters' achievements despite not having a finals range and a similar competitive environment to train in at home.

> Congratulating the team, he also praised the champion, noted her growth and said: ""In 2018, I watched Xiu Hong enter the finals in the World Cup in Changwon, but the fear of shooting in a finals range terrified her. The lack of training in finals events saw her eliminated in the first round.

> ""Much has changed. In January 2022, I watched her struggle during the ISSF Jakarta GP to win a bronze. And Xiu Hong is now a World Cup champion, while Shun Xie also fought her way to a bronze medal, both of which are truly commendable achievements.""

---
1.0.2 | [Source code](https://github.com/fterh/sneakpeek) | [Contribute](https://github.com/fterh/sneakpeek)",2022-07-17 20:32:31+08:00,3,False
igip6zv,t3_w16ebx,c2b3l,t3_w16ebx,Bravo! ðŸ‘,2022-07-17 22:08:28+08:00,1,False
igiefjh,t3_w161z0,2h2dfwaj,t3_w161z0,Lol. Lies lies and damn statistics,2022-07-17 20:29:38+08:00,8,False
igicsx2,t3_w161z0,2vx2xcyw,t3_w161z0,"> # New NUS College off to strong start with 400 students picked from 7,000 applicants

> SINGAPORE - Despite doubts expressed by some over the popularity of the new National University of Singapore (NUS) College formed from the merger of Yale-NUS College and the University Scholars Programme (USP), it is off to a strong start with about 400 students selected from 7,000 applicants.

> About 300 of the places went to Singaporeans and 100 to students from 21 countries including several Asean and European nations as well as India, China, Australia, New Zealand and the United States.

---
1.0.2 | [Source code](https://github.com/fterh/sneakpeek) | [Contribute](https://github.com/fterh/sneakpeek)",2022-07-17 20:12:04+08:00,2,False
igish49,t3_w161z0,nnoonp9,t3_w161z0,">100 to students from 21 countries including several Asean and European nations as well asÂ India, China, Australia, New Zealand and the United States.

paying full international fees right",2022-07-17 22:35:00+08:00,1,False
igiar16,t3_w15eoc,hlfwqut,t3_w15eoc,"It's not crazy, it's the Navy",2022-07-17 19:48:41+08:00,145,False
igia0oy,t3_w15eoc,gw85o,t3_w15eoc,Need to add 1 more SAF core value: donâ€™t cheat Singaporeans,2022-07-17 19:40:06+08:00,125,False
igiad6l,t3_w15eoc,1h2qsr,t3_w15eoc,Inflation so bad that even navy man have to moonlight on land,2022-07-17 19:44:12+08:00,79,False
igia62a,t3_w15eoc,dq0kb,t3_w15eoc,GGWP to these guys. Off to DB with their asses.,2022-07-17 19:41:51+08:00,47,False
igic5xv,t3_w15eoc,8uwe8ywh,t3_w15eoc,What an effective way to stay low profile and avoid suspicion by approaching strangers outside their home at 1.21am asking for donations ðŸ¤·ðŸ¤¦,2022-07-17 20:04:54+08:00,46,1658060571.0
igigiz6,t3_w15eoc,6334rci,t3_w15eoc,Who the fuck is looking for donations at 1.21AM???,2022-07-17 20:51:03+08:00,35,False
igiar9e,t3_w15eoc,97v0p7sw,t3_w15eoc,Wonder what's the so called disciplinary action going to be.,2022-07-17 19:48:45+08:00,29,False
igietdc,t3_w15eoc,2h2dfwaj,t3_w15eoc,"Plot twist: these 2 people were doing spot check on some chao keng warrior. But being harebrained, they didn't confirm the unit and that was the stupid reason they could think of when the person opened the door and they realised wrong unit.

No way they will announce if really like this because it just dumb",2022-07-17 20:33:42+08:00,28,1658061463.0
igib7p9,t3_w15eoc,dk6t8oyp,t3_w15eoc,At almost 2am? Are they ok?,2022-07-17 19:54:00+08:00,20,False
igi9e6k,t3_w15eoc,2vx2xcyw,t3_w15eoc,"> # 2 men who posed as students to get donations were from S'pore Navy

> Two men who went to ask for donations for charity from the residents of a HDB flat in Hougang at 1:21am on Jun. 25, claiming to be ""student volunteers"", are soldiers from the Singapore Navy (RSN), Lianhe Zaobao reported.

> A spokesperson for the RSN confirmed to the Chinese daily that the soldiers were regulars and that the navy was also aware of the incident in question.

> Disciplinary action will therefore be taken against them if they are found to have engaged in misconduct, the spokesperson added.

> What happened on the night of incident?

> In a video submitted to Mothership, the resident whose unit was approached said the two men were seen smoking outside his unit.

> They appeared at around 1:15am.

> They were chit-chatting with each other and appeared to be talking and pointing at the unit they were standing beside.

> At one point, one of the men even walked towards the area where the camera was filming as if to check if there was a surveillance device.

> The men subsequently went down the stairs, then returned to the unit and were seen waiting for the occupant of the flat to open the door.

> When a woman opened the door, one of the men in glasses said in Mandarin: ""Hello, sorry about this, but we are student volunteers.""

> After confirming that she could converse in Mandarin, the man continued: ""We are here to collect a one-off donation.""

> When the woman turned them down, the man said it was okay and left.

> Before they did so, however, both of them pulled faces.

> They then walked away.

> Police are also looking into the matter

> The resident of the unit was further quoted by Lianhe Zaobao as saying that for three weeks following the incident, his parents were worried about harassment.

> He also said that the footage should be publicised to alert others of such requests and not fall victim to scammers.

> The resident added: ""This is the first time I've seen these two men around my neighbourhood and the very first time having 'charity' groups visiting past midnight.""

> In addition, the police confirmed to the Chinese daily that they have received reports about the matter and are looking into the incident.

> Top screenshot from video submitted to Mothership

---
1.0.2 | [Source code](https://github.com/fterh/sneakpeek) | [Contribute](https://github.com/fterh/sneakpeek)",2022-07-17 19:32:33+08:00,16,False
igibfla,t3_w15e2a,doq78cqv,t3_w15e2a,"Always a big red flag when people traipse into the intertidal area carrying pails. You shouldnâ€™t be bringing anything back with you at all, whether flora or fauna. Unless you are there to pick rubbish, then ok carry your pail.",2022-07-17 19:56:36+08:00,58,False
igieb59,t3_w15e2a,x8s1t,t3_w15e2a,"I never understand why people do this.

Sea creatures donâ€™t live long when taken out of the ocean",2022-07-17 20:28:21+08:00,28,False
igid91u,t3_w15e2a,vjxm736,t3_w15e2a,Really hope more awareness can be raised on this issue. Most parent are unaware of the harm they are causing,2022-07-17 20:17:06+08:00,24,False
igieuqp,t3_w15e2a,a6qp8yum,t3_w15e2a,"Kids stupid, parents stupider",2022-07-17 20:34:05+08:00,23,False
igih7hi,t3_w15e2a,5ge6mxj,t3_w15e2a,"Just a quick shout-out for biogirl MJ. Local youtuber who has a few videos on intertidal walks. Highly recommended for everyone, especially parents.",2022-07-17 20:57:44+08:00,23,False
igii8tz,t3_w15e2a,mnfmw2yl,t3_w15e2a,Too many inconsiderate parents breeding inconsiderate kids.,2022-07-17 21:07:37+08:00,13,False
igiih18,t3_w15e2a,754cb17e,t3_w15e2a,Ask them to swallow whatever they dig up on the spot,2022-07-17 21:09:48+08:00,6,False
igig1i3,t3_w15e2a,gkcuskx4,t3_w15e2a,Why so fucking stupid???,2022-07-17 20:46:12+08:00,6,False
igiiqye,t3_w15e2a,me9qlj1h,t3_w15e2a,I've seen families do this at Pasir Ris beach as well ...,2022-07-17 21:12:20+08:00,5,False
igipjh8,t3_w15e2a,13dt2t,t3_w15e2a,"Since weâ€™re a â€œfineâ€ country, should just one time fine a whole bunch of them and make it viral. Itâ€™ll probably be a better â€œeducationâ€ and deterrent than any signages or education on etiquette.",2022-07-17 22:11:21+08:00,1,False
igigtii,t3_w15a9k,6334rci,t3_w15a9k,"> On Thursday (July 14), Nursyafiqah, who holds the rank of staff sergeant, was jailed for six weeks.

Only 6 weeks? That's pretty light isn't it for accusing a man of molest and harassment. He must be pretty devastated reputation wise and this only got proven false because of evidence on her phone which she stupidly forgot to erase.

If she erased it and denied everything, he would be fucked hard especially since she was also police.

> She only came clean when evidence of their affair was found in her mobile phone. For each charge of giving false information to a public servant, Nursyafiqah could have been jailed for up to two years or fined, or punished with both. 

Give her the full fucking 2 years. She never intended to admit it and only got caught due to her stupidity.",2022-07-17 20:53:54+08:00,44,1658062640.0
igi8xex,t3_w15a9k,liytxwj0,t3_w15a9k,Both are slime,2022-07-17 19:26:41+08:00,16,False
igidzsc,t3_w15a9k,a49qpex6,t3_w15a9k,Why is the guy given a backend role instead?,2022-07-17 20:25:01+08:00,6,False
igi9ts0,t3_w14os3,3n7itzk9,t3_w14os3,SG Busleh best,2022-07-17 19:37:48+08:00,12,False
igi663g,t3_w14os3,b5pvfvch,t3_w14os3,"I use the MyTransport app, itâ€™s pretty accurate and I can bookmark individual bus stops that Iâ€™ll frequently wait at. However, this app doesnâ€™t let you bookmark MRT stations and it doesnâ€™t tell you when the next train is coming. Itâ€™s great for buses though, no doubt.",2022-07-17 18:50:52+08:00,7,False
igi81jj,t3_w14os3,i7djs,t3_w14os3,"Singabus, GoThere, SG NextBus, CityMapper etc. theyâ€™re all using LTA bus arrivals API so the data should be the same. Pick one with the interface you like.",2022-07-17 19:15:44+08:00,5,False
igi66ow,t3_w14os3,n0pvj,t3_w14os3,Citymapper,2022-07-17 18:51:05+08:00,2,False
igiicjq,t3_w14os3,y87og,t3_w14os3,"Ngl Gmaps works damn well, got bus timing got crowd level and it shows you the full route on the map. Nothing comes close to it really",2022-07-17 21:08:37+08:00,2,1658063605.0
igi85fi,t3_w14os3,7c1uw7ks,t3_w14os3,"For MRT Timings - Download SMRTConnect

For Bus Timings - The best UI I feel is Singabus, but there are ads. Ad free wise, you can try MyTransport",2022-07-17 19:17:03+08:00,1,False
igikhjm,t3_w14os3,2qd4jo8k,t3_w14os3,Swipe left,2022-07-17 21:28:11+08:00,1,False
igi3ztm,t3_w14ahz,2vx2xcyw,t3_w14ahz,"> # More than 3,000 people turn up to give blood after Red Cross appeal for A+, O+ donors

> SINGAPORE - An appeal to donate blood as supplies run low has drawn an overwhelming response, with more than 3,300 people coming forward over the past week.

> This represents a 43 per cent increase from a typical week's collection, said the Singapore Red Cross (SRC), which is the Republic's national blood donor recruiter.

> ""We hope that this momentum will continue next week to bring our blood stocks up to healthy levels,"" said the humanitarian organisation.

> Located at the Health Sciences Authority (HSA) building in Outram Road, the Bloodbank@HSA - one of four blood banks across the island - was packed when The Straits Times visited on Friday (July 15).

> Among the donors there was Mr Goh Chee Wee, who said it was his first time donating since 1996.

> Work and other commitments, which often require him to travel, left little time for him to donate blood in the years since then, said the 43-year-old army regular.

> He was there with about 40 others from his unit, which had made an informal request for servicemen to volunteer to donate blood that day.

> Mr Goh, whose blood type is A+, said he was inspired by recent social media posts put out by Health Minister Ong Ye Kung, who shared SRC's call for blood donors to come forward.

> He added that as a sergeant major, he felt it was important to lead by example.

> Full-time national serviceman Eldridge Surianto was a first-time blood donor.

> The 19-year-old, who has O+ blood, said his decision to donate blood was a personal one - he has relatives who required blood transfusions because of cancer treatments.

> ""I was quite nervous at first,"" he said, noting that he had heard that giving blood could cause dizziness.

> ""But after this experience, I don't think it's that scary,"" said Mr Surianto, adding that he would consider doing it again in future.

> On July 8, SRC had called for more blood donors, said a spokesman, as there was less than nine days' worth of A+ and O+ blood then.

---
1.0.2 | [Source code](https://github.com/fterh/sneakpeek) | [Contribute](https://github.com/fterh/sneakpeek)",2022-07-17 18:20:05+08:00,3,False
